date,z47_float,z47_mcap,n500_indexed,n500_abs
2024-01-02,100.0,100.0,100.0,19418.4
2024-01-03,99.751167,99.751167,99.7361,19367.15
2024-01-04,100.141073,100.141073,100.6326,19541.25
2024-01-05,101.331114,101.331114,100.8868,19590.6
2024-01-08,101.763636,101.763636,99.9964,19417.7
2024-01-09,102.334016,102.334016,100.2119,19459.55
2024-01-10,103.423111,103.423111,100.5121,19517.85
2024-01-11,104.334797,104.334797,100.8546,19584.35
2024-01-12,104.727766,104.727766,101.685,19745.6
2024-01-15,104.841404,104.841404,102.4057,19885.55
2024-01-16,104.418041,104.418041,102.107,19827.55
2024-01-17,102.426447,102.426447,100.3564,19487.6
2024-01-18,102.642138,102.642138,99.9815,19414.8
2024-01-19,103.780316,103.780316,100.9682,19606.4
2024-01-22,104.184239,104.184239,100.9682,19606.4
2024-01-23,101.665216,101.665216,98.9085,19206.45
2024-01-24,102.766463,102.766463,100.1679,19451.0
2024-01-25,102.838669,102.838669,99.8692,19393.0
2024-01-26,103.207617,103.207617,99.8692,19393.0
2024-01-29,104.152592,104.152592,101.5102,19711.65
2024-01-30,104.621824,104.621824,100.8023,19574.2
2024-01-31,106.387279,106.387279,101.976,19802.1
2024-02-01,105.427568,105.427568,101.8485,19777.35
2024-02-02,104.538647,104.538647,102.5357,19910.8
2024-02-05,102.728016,102.728016,102.2407,19853.5
2024-02-06,102.947125,102.947125,103.1689,20033.75
2024-02-07,103.417257,103.417257,103.5593,20109.55
2024-02-08,103.231472,103.231472,102.931,19987.55
2024-02-09,103.484727,103.484727,102.7968,19961.5
2024-02-12,102.441126,102.441126,101.3225,19675.2
2024-02-13,102.355653,102.355653,101.8771,19782.9
2024-02-14,102.04287,102.04287,102.595,19922.3
2024-02-15,102.786341,102.786341,103.1856,20037.0
2024-02-16,103.129412,103.129412,103.8443,20164.9
2024-02-19,104.437989,104.437989,103.8443,20164.9
2024-02-20,104.712633,104.712633,104.3953,20271.9
2024-02-21,103.753288,103.753288,103.6558,20128.3
2024-02-22,104.648415,104.648415,104.4574,20283.95
2024-02-23,104.703764,104.703764,104.6095,20313.5
2024-02-26,106.244166,106.244166,104.3124,20255.8
2024-02-27,106.812494,106.812494,104.5032,20292.85
2024-02-28,106.01772,106.01772,103.1002,20020.4
2024-02-29,107.142266,107.142266,103.4588,20090.05
2024-03-01,106.851676,106.851676,104.7965,20349.8
2024-03-04,105.708276,105.708276,105.2201,20432.05
2024-03-05,103.643678,103.643678,104.9623,20382.0
2024-03-06,102.724343,102.724343,104.9497,20379.55
2024-03-07,103.177626,103.177626,105.2342,20434.8
2024-03-08,103.268412,103.268412,105.2342,20434.8
2024-03-11,103.617022,103.617022,104.4821,20288.75
2024-03-12,103.250485,103.250485,103.8778,20171.4
2024-03-13,99.859636,99.859636,101.1736,19646.3
2024-03-14,101.823638,101.823638,102.5643,19916.35
2024-03-15,101.885265,101.885265,102.0949,19825.2
2024-03-18,102.914225,102.914225,102.1871,19843.1
2024-03-19,102.698855,102.698855,100.9895,19610.55
2024-03-20,104.288592,104.288592,101.1002,19632.05
2024-03-21,106.000324,106.000324,102.4667,19897.4
2024-03-22,106.654625,106.654625,102.9673,19994.6
2024-03-25,106.509817,106.509817,102.9673,19994.6
2024-03-26,106.611803,106.611803,103.0221,20005.25
2024-03-27,107.052184,107.052184,103.4472,20087.8
2024-03-28,107.429759,107.429759,104.3091,20255.15
2024-04-01,109.424165,109.424165,105.5316,20492.55
2024-04-02,108.876186,108.876186,105.9292,20569.75
2024-04-03,109.117508,109.117508,106.1143,20605.7
2024-04-04,110.305907,110.305907,106.4179,20664.65
2024-04-05,112.606377,112.606377,106.6777,20715.1
2024-04-08,112.818007,112.818007,107.2133,20819.1
2024-04-09,113.270579,113.270579,107.067,20790.7
2024-04-10,113.001149,113.001149,107.7081,20915.2
2024-04-11,113.280373,113.280373,107.7081,20915.2
2024-04-12,111.791709,111.791709,106.8342,20745.5
2024-04-15,109.218095,109.218095,105.4605,20478.75
2024-04-16,108.589265,108.589265,105.1734,20423.0
2024-04-17,108.705098,108.705098,105.1734,20423.0
2024-04-18,108.072315,108.072315,104.6672,20324.7
2024-04-19,107.955814,107.955814,104.9788,20385.2
2024-04-22,109.007177,109.007177,105.9554,20574.85
2024-04-23,109.80073,109.80073,106.3561,20652.65
2024-04-24,110.844462,110.844462,106.7578,20730.65
2024-04-25,112.177394,112.177394,107.4646,20867.9
2024-04-26,111.937111,111.937111,107.3175,20839.35
2024-04-29,111.843284,111.843284,108.1047,20992.2
2024-04-30,111.570689,111.570689,108.1304,20997.2
2024-05-01,112.011286,112.011286,108.1304,20997.2
2024-05-02,110.736104,110.736104,108.5754,21083.6
2024-05-03,110.806489,110.806489,107.9365,20959.55
2024-05-06,110.051079,110.051079,107.4494,20864.95
2024-05-07,108.594185,108.594185,106.2706,20636.05
2024-05-08,108.622864,108.622864,106.6252,20704.9
2024-05-09,108.064422,108.064422,104.7707,20344.8
2024-05-10,109.13425,109.13425,105.4108,20469.1
2024-05-13,109.046934,109.046934,105.6266,20511.0
2024-05-14,108.874496,108.874496,106.5165,20683.8
2024-05-15,110.801472,110.801472,106.8154,20741.85
2024-05-16,111.322931,111.322931,107.7795,20929.05
2024-05-17,112.394415,112.394415,108.4773,21064.55
2024-05-20,113.186156,113.186156,108.4773,21064.55
2024-05-21,110.151547,110.151547,109.1112,21187.65
2024-05-22,110.107935,110.107935,109.3692,21237.75
2024-05-23,108.846614,108.846614,110.6659,21489.55
2024-05-24,108.62314,108.62314,110.636,21483.75
2024-05-27,108.678666,108.678666,110.6837,21493.0
2024-05-28,107.111286,107.111286,110.1396,21387.35
2024-05-29,106.522951,106.522951,109.4647,21256.3
2024-05-30,105.459727,105.459727,108.3434,21038.55
2024-05-31,106.030011,106.030011,108.6768,21103.3
2024-06-03,106.752485,106.752485,112.2513,21797.4
2024-06-04,102.715274,102.715274,104.6628,20323.85
2024-06-05,107.10143,107.10143,108.425,21054.4
2024-06-06,108.688432,108.688432,110.0245,21365.0
2024-06-07,109.732931,109.732931,112.08,21764.15
2024-06-10,109.991938,109.991938,112.3071,21808.25
2024-06-11,109.69684,109.69684,112.5324,21852.0
2024-06-12,110.375628,110.375628,113.0935,21960.95
2024-06-13,110.868881,110.868881,113.6772,22074.3
2024-06-14,112.067437,112.067437,114.3982,22214.3
2024-06-17,112.427287,112.427287,114.3982,22214.3
2024-06-18,112.726227,112.726227,114.992,22329.6
2024-06-19,113.650713,113.650713,114.4528,22224.9
2024-06-20,113.802803,113.802803,114.8658,22305.1
2024-06-21,113.730979,113.730979,114.511,22236.2
2024-06-24,113.787321,113.787321,114.7834,22289.1
2024-06-25,114.731826,114.731826,115.2034,22370.65
2024-06-26,114.864467,114.864467,115.544,22436.8
2024-06-27,115.636921,115.636921,116.0621,22537.4
2024-06-28,116.424641,116.424641,116.1769,22559.7
2024-07-01,118.916969,118.916969,117.0416,22727.6
2024-07-02,118.43333,118.43333,116.7851,22677.8
2024-07-03,118.568818,118.568818,117.6781,22851.2
2024-07-04,118.087277,118.087277,118.0025,22914.2
2024-07-05,118.336985,118.336985,118.3808,22987.65
2024-07-08,119.067062,119.067062,118.2958,22971.15
2024-07-09,119.716041,119.716041,118.7912,23067.35
2024-07-10,119.808774,119.808774,118.3293,22977.65
2024-07-11,119.991845,119.991845,118.4714,23005.25
2024-07-12,120.674903,120.674903,118.9359,23095.45
2024-07-15,121.950068,121.950068,119.525,23209.85
2024-07-16,120.187046,120.187046,119.4962,23204.25
2024-07-17,119.695718,119.695718,119.4962,23204.25
2024-07-18,120.637138,120.637138,119.5261,23210.05
2024-07-19,119.290091,119.290091,117.6904,22853.6
2024-07-22,120.337518,120.337518,118.149,22942.65
2024-07-23,121.36733,121.36733,117.7502,22865.2
2024-07-24,121.878809,121.878809,118.0398,22921.45
2024-07-25,121.034732,121.034732,118.0182,22917.25
2024-07-26,123.654828,123.654828,119.9483,23292.05
2024-07-29,124.137153,124.137153,120.4744,23394.2
2024-07-30,124.924808,124.924808,120.7149,23440.9
2024-07-31,124.312291,124.312291,121.1779,23530.8
2024-08-01,122.892641,122.892641,121.0532,23506.6
2024-08-02,125.213609,125.213609,119.7805,23259.45
2024-08-05,121.293999,121.293999,116.0881,22542.45
2024-08-06,120.378589,120.378589,115.5775,22443.3
2024-08-07,123.207186,123.207186,117.6662,22848.9
2024-08-08,124.046473,124.046473,116.9288,22705.7
2024-08-09,124.430674,124.430674,118.0504,22923.5
2024-08-12,123.745112,123.745112,118.011,22915.85
2024-08-13,123.110823,123.110823,116.9293,22705.8
2024-08-14,124.615938,124.615938,116.7586,22672.65
2024-08-15,125.01544,125.01544,116.7586,22672.65
2024-08-16,127.779814,127.779814,118.7353,23056.5
2024-08-19,128.55954,128.55954,119.164,23139.75
2024-08-20,128.890239,128.890239,119.8881,23280.35
2024-08-21,130.439843,130.439843,120.3428,23368.65
2024-08-22,129.886225,129.886225,120.7139,23440.7
2024-08-23,131.282828,131.282828,120.6003,23418.65
2024-08-26,131.938568,131.938568,121.3372,23561.75
2024-08-27,132.165776,132.165776,121.5592,23604.85
2024-08-28,130.853515,130.853515,121.6163,23615.95
2024-08-29,130.43858,130.43858,121.6959,23631.4
2024-08-30,131.767662,131.767662,122.2271,23734.55
2024-09-02,131.321499,131.321499,122.3618,23760.7
2024-09-03,130.36129,130.36129,122.5047,23788.45
2024-09-04,131.297057,131.297057,122.301,23748.9
2024-09-05,132.62818,132.62818,122.3726,23762.8
2024-09-06,132.188242,132.188242,120.9044,23477.7
2024-09-09,132.798737,132.798737,121.0303,23502.15
2024-09-10,133.470496,133.470496,121.759,23643.65
2024-09-11,134.99941,134.99941,121.1802,23531.25
2024-09-12,136.614157,136.614157,123.117,23907.35
2024-09-13,136.270962,136.270962,123.2244,23928.2
2024-09-16,136.946377,136.946377,123.4303,23968.2
2024-09-17,136.298575,136.298575,123.4391,23969.9
2024-09-18,136.201726,136.201726,123.0722,23898.65
2024-09-19,137.161948,137.161948,122.842,23853.95
2024-09-20,139.709223,139.709223,124.5921,24193.8
2024-09-23,140.513589,140.513589,125.5469,24379.2
2024-09-24,138.822106,138.822106,125.601,24389.7
2024-09-25,136.880502,136.880502,125.506,24371.25
2024-09-26,135.341036,135.341036,126.153,24496.9
2024-09-27,134.751276,134.751276,126.1152,24489.55
2024-09-30,133.372842,133.372842,124.8568,24245.2
2024-10-01,134.927957,134.927957,124.9912,24271.3
2024-10-02,134.114536,134.114536,124.9912,24271.3
2024-10-03,132.781984,132.781984,122.3347,23755.45
2024-10-04,134.11739,134.11739,121.1992,23534.95
2024-10-07,130.50114,130.50114,119.3814,23181.95
2024-10-08,134.638289,134.638289,121.0839,23512.55
2024-10-09,135.50427,135.50427,121.5322,23599.6
2024-10-10,135.023707,135.023707,121.5247,23598.15
2024-10-11,135.432447,135.432447,121.5921,23611.25
2024-10-14,136.833002,136.833002,122.1885,23727.05
2024-10-15,137.835555,137.835555,122.233,23735.7
2024-10-16,137.033194,137.033194,121.9109,23673.15
2024-10-17,135.413507,135.413507,120.3858,23377.0
2024-10-18,134.691726,134.691726,120.7139,23440.7
2024-10-21,133.833376,133.833376,119.8,23263.25
2024-10-22,129.760212,129.760212,117.4888,22814.45
2024-10-23,130.603437,130.603437,117.6261,22841.1
2024-10-24,131.531615,131.531615,117.3518,22787.85
2024-10-25,129.408178,129.408178,115.8646,22499.05
2024-10-28,129.553405,129.553405,116.6417,22649.95
2024-10-29,131.37362,131.37362,117.3889,22795.05
2024-10-30,130.511323,130.511323,117.1559,22749.8
2024-10-31,129.561497,129.561497,116.8446,22689.35
2024-11-01,131.098366,131.098366,117.5357,22823.55
2024-11-04,129.768016,129.768016,115.9637,22518.3
2024-11-05,129.431527,129.431527,116.7957,22679.85
2024-11-06,133.793219,133.793219,118.605,23031.2
2024-11-07,135.079532,135.079532,117.4466,22806.25
2024-11-08,134.048351,134.048351,116.6195,22645.65
2024-11-11,133.648423,133.648423,116.3402,22591.4
2024-11-12,132.099844,132.099844,114.9994,22331.05
2024-11-13,129.689801,129.689801,112.8566,21914.95
2024-11-14,131.536166,131.536166,113.1046,21963.1
2024-11-15,130.442618,130.442618,113.1046,21963.1
2024-11-18,129.57151,129.57151,112.7765,21899.4
2024-11-19,130.913384,130.913384,113.317,22004.35
2024-11-20,131.650895,131.650895,113.317,22004.35
2024-11-21,132.803359,132.803359,112.372,21820.85
2024-11-22,134.111824,134.111824,114.4561,22225.55
2024-11-25,136.264894,136.264894,116.145,22553.5
2024-11-26,137.488796,137.488796,116.1911,22562.45
2024-11-27,138.505228,138.505228,116.8567,22691.7
2024-11-28,139.466038,139.466038,115.9434,22514.35
2024-11-29,138.866265,138.866265,116.8325,22687.0
2024-12-02,139.591194,139.591194,117.599,22835.85
2024-12-03,139.874456,139.874456,118.5517,23020.85
2024-12-04,142.135776,142.135776,118.9568,23099.5
2024-12-05,143.021514,143.021514,119.8757,23277.95
2024-12-06,145.495101,145.495101,120.0516,23312.1
2024-12-09,144.764943,144.764943,119.9481,23292.0
2024-12-10,145.678356,145.678356,120.066,23314.9
2024-12-11,146.259823,146.259823,120.2887,23358.15
2024-12-12,145.090444,145.090444,119.7648,23256.4
2024-12-13,145.23867,145.23867,120.2929,23358.95
2024-12-16,147.65814,147.65814,120.2594,23352.45
2024-12-17,148.12927,148.12927,118.9374,23095.75
2024-12-18,145.972921,145.972921,118.1065,22934.4
2024-12-19,144.586962,144.586962,117.168,22752.15
2024-12-20,142.097733,142.097733,114.9394,22319.4
2024-12-23,142.706048,142.706048,115.4179,22412.3
2024-12-24,142.74791,142.74791,115.3684,22402.7
2024-12-26,143.087341,143.087341,115.5108,22430.35
2024-12-27,143.142005,143.142005,115.5873,22445.2
2024-12-30,144.087456,144.087456,115.1338,22357.15
2024-12-31,143.627504,143.627504,115.2278,22375.4
2025-01-01,143.973352,143.973352,115.2278,22375.4
2025-01-02,146.36864,146.36864,117.5161,22819.75
2025-01-03,145.80272,145.80272,116.9414,22708.15
2025-01-06,142.821058,142.821058,114.4554,22225.4
2025-01-07,140.445901,140.445901,115.054,22341.65
2025-01-08,137.653606,137.653606,114.4883,22231.8
2025-01-09,136.175249,136.175249,113.5343,22046.55
2025-01-10,132.489845,132.489845,112.2595,21799.0
2025-01-13,125.560463,125.560463,109.3986,21243.45
2025-01-14,128.022636,128.022636,110.6221,21481.05
2025-01-15,130.553896,130.553896,110.9834,21551.2
2025-01-16,132.899122,132.899122,111.8246,21714.55
2025-01-17,132.61067,132.61067,111.648,21680.25
2025-01-20,132.921802,132.921802,112.311,21809.0
2025-01-21,127.146733,127.146733,110.3757,21433.2
2025-01-22,125.749706,125.749706,110.187,21396.55
2025-01-23,129.818069,129.818069,110.9157,21538.05
2025-01-24,128.056135,128.056135,109.7871,21318.9
2025-01-27,123.755825,123.755825,107.6863,20910.95
2025-01-28,124.634393,124.634393,107.7573,20924.75
2025-01-29,128.370647,128.370647,109.4091,21245.5
2025-01-30,127.385872,127.385872,109.6769,21297.5
2025-01-31,129.095185,129.095185,111.1363,21580.9
2025-02-01,130.948921,130.948921,111.1363,21580.9
2025-02-03,132.342708,132.342708,110.2179,21402.55
2025-02-04,132.452942,132.452942,111.891,21727.45
2025-02-05,132.86894,132.86894,112.1835,21784.25
2025-02-06,131.094213,131.094213,111.6078,21672.45
2025-02-07,129.924854,129.924854,111.4724,21646.15
2025-02-10,126.710888,126.710888,110.057,21371.3
2025-02-11,121.657307,121.657307,107.8897,20950.45
2025-02-12,122.215381,122.215381,107.6703,20907.85
2025-02-13,123.885694,123.885694,107.6523,20904.35
2025-02-14,120.84451,120.84451,106.2554,20633.1
2025-02-17,119.945219,119.945219,106.3545,20652.35
2025-02-18,120.566689,120.566689,106.1437,20611.4
2025-02-19,122.768396,122.768396,106.7619,20731.45
2025-02-20,122.901103,122.901103,107.2751,20831.1
2025-02-21,121.279575,121.279575,106.5497,20690.25
2025-02-24,120.241226,120.241226,105.4075,20468.45
2025-02-25,118.558178,118.558178,105.1516,20418.75
2025-02-26,118.787081,118.787081,105.1516,20418.75
2025-02-27,118.175624,118.175624,104.6201,20315.55
2025-02-28,116.817433,116.817433,102.3818,19880.9
2025-03-03,115.48618,115.48618,102.4644,19896.95
2025-03-04,115.479359,115.479359,102.572,19917.85
2025-03-05,116.248067,116.248067,104.316,20256.5
2025-03-06,115.861841,115.861841,105.2975,20447.1
2025-03-07,114.577513,114.577513,105.2785,20443.4
2025-03-10,112.453157,112.453157,104.3675,20266.5
2025-03-11,113.176181,113.176181,104.5529,20302.5
2025-03-12,112.178486,112.178486,104.3564,20264.35
2025-03-13,110.645041,110.645041,103.9017,20176.05
2025-03-14,111.139667,111.139667,103.9017,20176.05
2025-03-17,112.112481,112.112481,104.4798,20288.3
2025-03-18,112.119664,112.119664,106.3795,20657.2
2025-03-19,118.167959,118.167959,107.4471,20864.5
2025-03-20,117.995825,117.995825,108.5056,21070.05
2025-03-21,119.799898,119.799898,109.5554,21273.9
2025-03-24,121.534627,121.534627,110.9159,21538.1
2025-03-25,119.996257,119.996257,110.3992,21437.75
2025-03-26,118.307858,118.307858,109.5633,21275.45
2025-03-27,120.056295,120.056295,110.2457,21407.95
2025-03-28,118.219113,118.219113,109.8935,21339.55
2025-03-31,117.285977,117.285977,109.8935,21339.55
2025-04-01,116.316773,116.316773,108.5092,21070.75
2025-04-02,118.749497,118.749497,109.5129,21265.65
2025-04-03,117.176572,117.176572,109.3983,21243.4
2025-04-04,113.412177,113.412177,107.1424,20805.35
2025-04-07,111.078551,111.078551,103.5394,20105.7
2025-04-08,113.58366,113.58366,105.4711,20480.8
2025-04-09,113.943442,113.943442,104.8323,20356.75
2025-04-10,113.135425,113.135425,104.8323,20356.75
2025-04-11,115.296623,115.296623,106.8721,20752.85
2025-04-14,115.38272,115.38272,106.8721,20752.85
2025-04-15,118.30631,118.30631,109.5837,21279.4
2025-04-16,119.663942,119.663942,110.2272,21404.35
2025-04-17,121.160726,121.160726,111.6547,21681.55
2025-04-21,122.580827,122.580827,113.3242,22005.75
2025-04-22,123.780152,123.780152,113.7331,22085.15
2025-04-23,124.691526,124.691526,114.5182,22237.6
2025-04-24,125.391522,125.391522,114.2249,22180.65
2025-04-25,122.602974,122.602974,112.5126,21848.15
2025-04-28,122.332196,122.332196,113.8191,22101.85
2025-04-29,122.966866,122.966866,113.8734,22112.4
2025-04-30,122.544101,122.544101,113.4494,22030.05
2025-05-01,122.712685,122.712685,113.4494,22030.05
2025-05-02,122.494099,122.494099,113.3255,22006.0
2025-05-05,125.495163,125.495163,114.2996,22195.15
2025-05-06,122.506216,122.506216,113.0711,21956.6
2025-05-07,123.756762,123.756762,113.6677,22072.45
2025-05-08,120.25269,120.25269,112.4864,21843.05
2025-05-09,119.917168,119.917168,111.6238,21675.55
2025-05-12,125.465772,125.465772,115.9282,22511.4
2025-05-13,125.403195,125.403195,115.0939,22349.4
2025-05-14,125.710791,125.710791,115.8669,22499.5
2025-05-15,127.233828,127.233828,117.3567,22788.8
2025-05-16,127.801679,127.801679,117.7795,22870.9
2025-05-19,126.899358,126.899358,117.7533,22865.8
2025-05-20,124.688279,124.688279,116.3103,22585.6
2025-05-21,125.628351,125.628351,117.0573,22730.65
2025-05-22,125.625422,125.625422,116.3587,22595.0
2025-05-23,127.898523,127.898523,117.3168,22781.05
2025-05-26,127.628657,127.628657,117.9721,22908.3
2025-05-27,126.92618,126.92618,117.4994,22816.5
2025-05-28,126.130154,126.130154,117.3083,22779.4
2025-05-29,127.631555,127.631555,117.7303,22861.35
2025-05-30,128.460722,128.460722,117.4244,22801.95
2025-06-02,128.581295,128.581295,117.5921,22834.5
2025-06-03,128.025373,128.025373,116.9576,22711.3
2025-06-04,130.369856,130.369856,117.4548,22807.85
2025-06-05,132.119904,132.119904,118.1071,22934.5
2025-06-06,134.346089,134.346089,119.2946,23165.1
2025-06-09,134.861941,134.861941,120.1466,23330.55
2025-06-10,134.092823,134.092823,120.195,23339.95
2025-06-11,133.537077,133.537077,120.1842,23337.85
2025-06-12,131.588324,131.588324,118.6836,23046.45
2025-06-13,130.807063,130.807063,117.9613,22906.2
2025-06-16,132.203158,132.203158,118.9338,23095.05
2025-06-17,130.161397,130.161397,118.3491,22981.5
2025-06-18,130.443183,130.443183,118.0592,22925.2
2025-06-19,129.292689,129.292689,117.2264,22763.5
2025-06-20,130.326332,130.326332,118.656,23041.1
2025-06-23,130.504308,130.504308,118.4521,23001.5
2025-06-24,131.982452,131.982452,119.0273,23113.2
2025-06-25,132.563016,132.563016,119.9731,23296.85
2025-06-26,134.137827,134.137827,121.1096,23517.55
2025-06-27,134.505978,134.505978,121.638,23620.15
2025-06-30,133.862071,133.862071,121.6228,23617.2
2025-07-01,132.342191,132.342191,121.6138,23615.45
2025-07-02,131.534614,131.534614,121.2626,23547.25
2025-07-03,131.748028,131.748028,121.1318,23521.85
2025-07-04,131.929428,131.929428,121.3408,23562.45
2025-07-07,131.328625,131.328625,121.2829,23551.2
2025-07-08,132.350044,132.350044,121.3929,23572.55
2025-07-09,132.954452,132.954452,121.3151,23557.45
2025-07-10,132.764288,132.764288,120.872,23471.4
2025-07-11,131.611113,131.611113,119.9002,23282.7
2025-07-14,133.594861,133.594861,120.0359,23309.05
2025-07-15,133.622743,133.622743,120.7574,23449.15
2025-07-16,133.450893,133.450893,120.8776,23472.5
2025-07-17,133.480722,133.480722,120.6057,23419.7
2025-07-18,132.89586,132.89586,119.8613,23275.15
2025-07-21,135.003959,135.003959,120.3933,23378.45
2025-07-22,138.555721,138.555721,120.0969,23320.9
2025-07-23,139.388139,139.388139,120.6505,23428.4
2025-07-24,139.422427,139.422427,119.9949,23301.1
2025-07-25,137.766381,137.766381,118.5206,23014.8
2025-07-28,136.563092,136.563092,117.6562,22846.95
2025-07-29,136.028921,136.028921,118.4822,23007.35
2025-07-30,134.17081,134.17081,118.6171,23033.55
2025-07-31,134.342988,134.342988,118.0064,22914.95
2025-08-01,132.727882,132.727882,116.7637,22673.65
2025-08-04,134.628683,134.628683,117.7255,22860.4
2025-08-05,133.170175,133.170175,117.4067,22798.5
2025-08-06,132.42303,132.42303,116.7287,22666.85
2025-08-07,133.845538,133.845538,116.869,22694.1
2025-08-08,132.499024,132.499024,115.5767,22443.15
2025-08-11,134.90572,134.90572,116.5567,22633.45
2025-08-12,134.690217,134.690217,116.2228,22568.6
2025-08-13,136.776828,136.776828,116.8896,22698.1
2025-08-14,136.89649,136.89649,116.7977,22680.25
2025-08-15,137.551083,137.551083,116.7977,22680.25
2025-08-18,138.905711,138.905711,118.0916,22931.5
2025-08-19,141.490653,141.490653,118.7873,23066.6
2025-08-20,142.628039,142.628039,119.1815,23143.15
2025-08-21,142.826971,142.826971,119.1507,23137.15
2025-08-22,142.871276,142.871276,118.3996,22991.3
2025-08-25,142.989412,142.989412,118.7121,23052.0
2025-08-26,141.975696,141.975696,117.253,22768.65
2025-08-27,142.26813,142.26813,117.253,22768.65
2025-08-28,140.196846,140.196846,116.084,22541.65
2025-08-29,138.643698,138.643698,115.6787,22462.95
2025-09-01,141.3261,141.3261,116.9692,22713.55
2025-09-02,140.665361,140.665361,117.0251,22724.4
2025-09-03,143.002594,143.002594,117.7473,22864.65
2025-09-04,141.752148,141.752148,117.5156,22819.65
2025-09-05,142.649439,142.649439,117.5645,22829.15
2025-09-08,143.206203,143.206203,117.8194,22878.65
2025-09-09,142.536606,142.536606,118.1822,22949.1
2025-09-10,142.058878,142.058878,118.8262,23074.15
2025-09-11,142.454754,142.454754,118.973,23102.65
2025-09-12,141.16441,141.16441,119.4241,23190.25
2025-09-15,142.152855,142.152855,119.5559,23215.85
2025-09-16,142.584963,142.584963,120.3462,23369.3
2025-09-17,142.826657,142.826657,120.737,23445.2
2025-09-18,144.025496,144.025496,121.1166,23518.9
2025-09-19,144.050876,144.050876,120.9505,23486.65
2025-09-22,144.128729,144.128729,120.4087,23381.45
2025-09-23,142.334878,142.334878,120.1193,23325.25
2025-09-24,141.281122,141.281122,119.3623,23178.25
2025-09-25,139.609977,139.609977,118.5597,23022.4
2025-09-26,136.703513,136.703513,116.9672,22713.15
2025-09-29,136.520494,136.520494,117.1008,22739.1
2025-09-30,136.953239,136.953239,117.075,22734.1
2025-10-01,137.565193,137.565193,118.0751,22928.3
2025-10-02,137.74236,137.74236,118.0751,22928.3
2025-10-03,138.278262,138.278262,118.587,23027.7
2025-10-06,141.012116,141.012116,119.318,23169.65
2025-10-07,141.687475,141.687475,119.5232,23209.5
2025-10-08,141.313288,141.313288,119.0075,23109.35
2025-10-09,142.551158,142.551158,119.6893,23241.75
2025-10-10,141.968934,141.968934,120.1827,23337.55
2025-10-13,141.965945,141.965945,119.9625,23294.8
2025-10-14,141.148075,141.148075,119.3922,23184.05
2025-10-15,142.269557,142.269557,120.3876,23377.35
2025-10-16,142.272886,142.272886,121.3478,23563.8
2025-10-17,141.193879,141.193879,121.5242,23598.05
2025-10-20,141.272428,141.272428,122.1321,23716.1
2025-10-21,142.193969,142.193969,122.354,23759.2
2025-10-22,142.06719,142.06719,122.354,23759.2
2025-10-23,141.127672,141.127672,122.3371,23755.9
2025-10-24,140.936431,140.936431,121.9802,23686.6
2025-10-27,141.999523,141.999523,122.7748,23840.9
2025-10-28,142.171109,142.171109,122.6288,23812.55
2025-10-29,141.676104,141.676104,123.349,23952.4
2025-10-30,142.304654,142.304654,122.7769,23841.3
2025-10-31,140.522254,140.522254,122.1027,23710.4
2025-11-03,140.642821,140.642821,122.6193,23810.7
2025-11-04,139.886897,139.886897,121.9228,23675.45
2025-11-05,140.046504,140.046504,121.9228,23675.45
2025-11-06,137.298107,137.298107,121.087,23513.15
2025-11-07,137.898432,137.898432,121.13,23521.5
2025-11-10,137.290743,137.290743,121.5183,23596.9
2025-11-11,138.109048,138.109048,121.9598,23682.65
2025-11-12,138.297924,138.297924,122.7542,23836.9
2025-11-13,137.185477,137.185477,122.6466,23816.0
2025-11-14,138.140146,138.140146,122.7514,23836.35
2025-11-17,140.849289,140.849289,123.3601,23954.55
2025-11-18,140.177819,140.177819,122.6911,23824.65
2025-11-19,139.664067,139.664067,123.1116,23906.3
2025-11-20,138.6453,138.6453,123.4677,23975.45
2025-11-21,137.279458,137.279458,122.514,23790.25
2025-11-24,136.871766,136.871766,121.9181,23674.55
2025-11-25,137.076137,137.076137,121.8177,23655.05
2025-11-26,137.640462,137.640462,123.3634,23955.2
2025-11-27,137.20114,137.20114,123.325,23947.75
2025-11-28,137.288299,137.288299,123.2501,23933.2
2025-12-01,138.408111,138.408111,123.1947,23922.45
2025-12-02,138.478952,138.478952,122.6787,23822.25
2025-12-03,137.255755,137.255755,122.1331,23716.3
2025-12-04,136.728994,136.728994,122.2608,23741.1
2025-12-05,137.007458,137.007458,122.7457,23835.25
2025-12-08,135.089733,135.089733,121.1542,23526.2
2025-12-09,136.828947,136.828947,121.1029,23516.25
2025-12-10,135.27855,135.27855,120.5496,23408.8
2025-12-11,136.435838,136.435838,121.2811,23550.85
2025-12-12,137.720644,137.720644,122.1841,23726.2
2025-12-15,137.440008,137.440008,122.179,23725.2
2025-12-16,134.750947,134.750947,121.3805,23570.15
2025-12-17,133.50369,133.50369,120.9989,23496.05
2025-12-18,134.556994,134.556994,120.9755,23491.5
2025-12-19,137.741888,137.741888,121.9336,23677.55
2025-12-22,137.904604,137.904604,122.9125,23867.65
2025-12-23,138.045016,138.045016,123.0542,23895.15
2025-12-24,137.694469,137.694469,122.8229,23850.25
2025-12-26,136.934626,136.934626,122.4625,23780.25
2025-12-29,136.40925,136.40925,121.957,23682.1
2025-12-30,135.834726,135.834726,121.8885,23668.8
2025-12-31,135.726793,135.726793,122.9326,23871.55
2026-01-01,135.731874,135.731874,122.9326,23871.55
2026-01-02,136.294698,136.294698,124.1039,24099.0
2026-01-05,136.014459,136.014459,123.8951,24058.45
2026-01-06,135.158772,135.158772,123.6482,24010.5
2026-01-07,134.848229,134.848229,123.6796,24016.6
2026-01-08,132.582696,132.582696,121.9467,23680.1
2026-01-09,131.741796,131.741796,120.8511,23467.35
2026-01-12,130.987534,130.987534,121.073,23510.45
2026-01-13,131.579546,131.579546,120.9196,23480.65
2026-01-14,131.688696,131.688696,120.8949,23475.85
2026-01-15,131.537064,131.537064,120.8949,23475.85
2026-01-16,130.829909,130.829909,120.9435,23485.3
2026-01-19,129.700503,129.700503,120.3691,23373.75
2026-01-20,126.717707,126.717707,118.1696,22946.65
2026-01-21,127.122577,127.122577,117.5954,22835.15
2026-01-22,127.883843,127.883843,118.4894,23008.75
2026-01-23,124.257059,124.257059,116.9314,22706.2
2026-01-26,124.399408,124.399408,116.9314,22706.2
2026-01-27,123.786598,123.786598,117.5135,22819.25
2026-01-28,125.419835,125.419835,118.8672,23082.1
2026-01-29,125.085737,125.085737,119.1386,23134.8
2026-01-30,125.169015,125.169015,118.8538,23079.5
2026-02-02,123.062634,123.062634,117.6049,22837.0
2026-02-03,124.16386,124.16386,120.7427,23446.3
2026-02-04,124.230525,124.230525,121.1992,23534.95
2026-02-05,124.170373,124.170373,120.5645,23411.7
2026-02-06,123.726073,123.726073,120.6794,23434.0
2026-02-09,125.163587,125.163587,121.9637,23683.4
2026-02-10,126.76811,126.76811,122.326,23753.75
2026-02-11,125.222121,125.222121,122.4769,23783.05
2026-02-12,124.950852,124.950852,121.7997,23651.55
2026-02-13,122.712748,122.712748,120.057,23313.15
2026-02-16,122.298338,122.298338,120.8774,23472.45
2026-02-17,122.074163,122.074163,121.2255,23540.05
2026-02-18,122.646336,122.646336,121.7701,23645.8
2026-02-19,120.833983,120.833983,119.9762,23297.45
2026-02-20,120.557622,120.557622,120.4785,23395.0
2026-02-23,120.089672,120.089672,120.9417,23484.95
2026-02-24,117.552658,117.552658,120.013,23304.6
2026-02-25,118.448066,118.448066,120.5238,23403.8
2026-02-26,118.540835,118.540835,120.754,23448.5
2026-02-27,117.135379,117.135379,119.3036,23166.85
2026-03-02,114.602648,114.602648,117.5995,22835.95
2026-03-03,114.462243,114.462243,117.5995,22835.95
2026-03-04,113.31436,113.31436,115.405,22409.8
2026-03-05,114.382025,114.382025,116.8881,22697.8
2026-03-06,113.009915,113.009915,115.7732,22481.3
2026-03-09,111.291565,111.291565,113.5858,22056.55
2026-03-10,112.139344,112.139344,115.0607,22342.95
2026-03-11,110.716034,110.716034,113.5124,22042.3
2026-03-12,109.833374,109.833374,112.7668,21897.5
2026-03-13,108.167017,108.167017,110.1594,21391.2
2026-03-16,108.951848,108.951848,110.7136,21498.8
2026-03-17,110.513233,110.513233,111.5916,21669.3
2026-03-18,113.505666,113.505666,112.8692,21917.4
2026-03-19,110.120505,110.120505,109.3077,21225.8
2026-03-20,111.151141,111.151141,109.8335,21327.9
2026-03-23,107.82683,107.82683,106.4158,20664.25
2026-03-24,110.072689,110.072689,108.4899,21067.0
2026-03-25,111.419714,111.419714,110.6075,21478.2
2026-03-26,111.499387,111.499387,110.6075,21478.2
2026-03-27,109.577608,109.577608,108.2486,21020.15
2026-03-30,106.370673,106.370673,105.7144,20528.05
2026-03-31,106.409214,106.409214,105.7144,20528.05
2026-04-01,109.168679,109.168679,107.8109,20935.15
2026-04-02,109.51088,109.51088,107.8274,20938.35
2026-04-06,110.97467,110.97467,109.1442,21194.05
2026-04-07,110.759312,110.759312,109.6715,21296.45
2026-04-08,115.496485,115.496485,114.0006,22137.1
2026-04-09,115.872596,115.872596,113.4877,22037.5
2026-04-10,117.591382,117.591382,115.0803,22346.75
2026-04-13,116.552007,116.552007,114.2167,22179.05
2026-04-14,116.593778,116.593778,114.2167,22179.05
2026-04-15,119.46202,119.46202,116.3615,22595.55
2026-04-16,121.013128,121.013128,116.6744,22656.3
2026-04-17,122.332264,122.332264,117.7718,22869.4
2026-04-20,122.192034,122.192034,117.7533,22865.8
2026-04-21,124.274831,124.274831,118.6624,23042.35
2026-04-22,124.809066,124.809066,118.4006,22991.5
2026-04-23,123.726261,123.726261,117.4703,22810.85
2026-04-24,123.134524,123.134524,116.2302,22570.05
2026-04-27,123.572476,123.572476,117.5246,22821.4
2026-04-28,123.055736,123.055736,117.2373,22765.6
2026-04-29,122.103157,122.103157,117.78,22871.0
2026-04-30,121.489846,121.489846,116.8147,22683.55
2026-05-01,121.79311,121.79311,116.8147,22683.55
2026-05-04,123.670503,123.670503,117.5728,22830.75
2026-05-05,122.540638,122.540638,117.4569,22808.25
2026-05-06,123.645273,123.645273,119.1313,23133.4
2026-05-07,124.656861,124.656861,119.5464,23214.0
2026-05-08,124.001881,124.001881,119.0399,23115.65
2026-05-11,122.142176,122.142176,117.3925,22795.75
2026-05-12,118.337184,118.337184,114.839,22299.9
2026-05-13,118.438594,118.438594,115.2379,22377.35
2026-05-14,119.691067,119.691067,116.4519,22613.1
2026-05-15,119.467456,119.467456,116.0299,22531.15
2026-05-18,118.926615,118.926615,115.6689,22461.05
2026-05-19,120.496677,120.496677,115.9815,22521.75
2026-05-20,120.904793,120.904793,116.2719,22578.15
2026-05-21,120.397959,120.397959,116.3991,22602.85
2026-05-22,120.376081,120.376081,116.6486,22651.3
2026-05-25,120.673488,120.673488,118.081,22929.45
2026-05-26,121.268631,121.268631,117.915,22897.2
2026-05-27,122.185798,122.185798,118.2765,22967.4
2026-05-28,122.311288,122.311288,118.2765,22967.4
2026-05-29,120.662846,120.662846,116.678,22657.0
2026-06-01,119.938883,119.938883,115.5499,22437.95
2026-06-02,119.943402,119.943402,115.9781,22521.1
2026-06-03,118.668876,118.668876,115.6215,22451.85
2026-06-04,118.517727,118.517727,115.8576,22497.7
2026-06-05,118.778801,118.778801,115.691,22465.35
2026-06-08,116.801471,116.801471,114.1891,22173.7
2026-06-09,118.045329,118.045329,115.2008,22370.15
2026-06-10,117.128745,117.128745,114.4989,22233.85
2026-06-11,116.092866,116.092866,113.884,22114.45
2026-06-12,119.364,119.364,116.3834,22599.8
